"BA Code","Timestamp (Hour Ending)","Hydro Generation (MWh)"
SCL,"10/1/2024 12 a.m. PDT",769
SCL,"10/1/2024 1 a.m. PDT",796
SCL,"10/1/2024 2 a.m. PDT",798
SCL,"10/1/2024 3 a.m. PDT",790
SCL,"10/1/2024 4 a.m. PDT",787
SCL,"10/1/2024 5 a.m. PDT",798
SCL,"10/1/2024 6 a.m. PDT",785
SCL,"10/1/2024 7 a.m. PDT",765
SCL,"10/1/2024 8 a.m. PDT",220
SCL,"10/1/2024 9 a.m. PDT",170
SCL,"10/1/2024 10 a.m. PDT",141
SCL,"10/1/2024 11 a.m. PDT",117
SCL,"10/1/2024 12 p.m. PDT",125
SCL,"10/1/2024 1 p.m. PDT",119
SCL,"10/1/2024 2 p.m. PDT",189
SCL,"10/1/2024 3 p.m. PDT",179
SCL,"10/1/2024 4 p.m. PDT",143
SCL,"10/1/2024 5 p.m. PDT",160
SCL,"10/1/2024 6 p.m. PDT",156
SCL,"10/1/2024 7 p.m. PDT",172
SCL,"10/1/2024 8 p.m. PDT",167
SCL,"10/1/2024 9 p.m. PDT",753
SCL,"10/1/2024 10 p.m. PDT",770
SCL,"10/1/2024 11 p.m. PDT",886
SCL,"10/2/2024 12 a.m. PDT",811
SCL,"10/2/2024 1 a.m. PDT",786
SCL,"10/2/2024 2 a.m. PDT",781
SCL,"10/2/2024 3 a.m. PDT",778
SCL,"10/2/2024 4 a.m. PDT",783
SCL,"10/2/2024 5 a.m. PDT",769
SCL,"10/2/2024 6 a.m. PDT",766
SCL,"10/2/2024 7 a.m. PDT",728
SCL,"10/2/2024 8 a.m. PDT",212
SCL,"10/2/2024 9 a.m. PDT",200
SCL,"10/2/2024 10 a.m. PDT",157
SCL,"10/2/2024 11 a.m. PDT",189
SCL,"10/2/2024 12 p.m. PDT",211
SCL,"10/2/2024 1 p.m. PDT",168
SCL,"10/2/2024 2 p.m. PDT",127
SCL,"10/2/2024 3 p.m. PDT",144
SCL,"10/2/2024 4 p.m. PDT",150
SCL,"10/2/2024 5 p.m. PDT",112
SCL,"10/2/2024 6 p.m. PDT",182
SCL,"10/2/2024 7 p.m. PDT",199
SCL,"10/2/2024 8 p.m. PDT",188
SCL,"10/2/2024 9 p.m. PDT",818
SCL,"10/2/2024 10 p.m. PDT",823
SCL,"10/2/2024 11 p.m. PDT",873
SCL,"10/3/2024 12 a.m. PDT",811
SCL,"10/3/2024 1 a.m. PDT",798
SCL,"10/3/2024 2 a.m. PDT",788
SCL,"10/3/2024 3 a.m. PDT",788
SCL,"10/3/2024 4 a.m. PDT",788
SCL,"10/3/2024 5 a.m. PDT",767
SCL,"10/3/2024 6 a.m. PDT",755
SCL,"10/3/2024 7 a.m. PDT",209
SCL,"10/3/2024 8 a.m. PDT",158
SCL,"10/3/2024 9 a.m. PDT",164
SCL,"10/3/2024 10 a.m. PDT",163
SCL,"10/3/2024 11 a.m. PDT",165
SCL,"10/3/2024 12 p.m. PDT",156
SCL,"10/3/2024 1 p.m. PDT",168
SCL,"10/3/2024 2 p.m. PDT",234
SCL,"10/3/2024 3 p.m. PDT",227
SCL,"10/3/2024 4 p.m. PDT",181
SCL,"10/3/2024 5 p.m. PDT",198
SCL,"10/3/2024 6 p.m. PDT",201
SCL,"10/3/2024 7 p.m. PDT",219
SCL,"10/3/2024 8 p.m. PDT",812
SCL,"10/3/2024 9 p.m. PDT",870
SCL,"10/3/2024 10 p.m. PDT",762
SCL,"10/3/2024 11 p.m. PDT",898
SCL,"10/4/2024 12 a.m. PDT",745
SCL,"10/4/2024 1 a.m. PDT",623
SCL,"10/4/2024 2 a.m. PDT",653
SCL,"10/4/2024 3 a.m. PDT",802
SCL,"10/4/2024 4 a.m. PDT",793
SCL,"10/4/2024 5 a.m. PDT",792
SCL,"10/4/2024 6 a.m. PDT",782
SCL,"10/4/2024 7 a.m. PDT",197
SCL,"10/4/2024 8 a.m. PDT",179
SCL,"10/4/2024 9 a.m. PDT",209
SCL,"10/4/2024 10 a.m. PDT",126
SCL,"10/4/2024 11 a.m. PDT",110
SCL,"10/4/2024 12 p.m. PDT",101
SCL,"10/4/2024 1 p.m. PDT",104
SCL,"10/4/2024 2 p.m. PDT",100
SCL,"10/4/2024 3 p.m. PDT",106
SCL,"10/4/2024 4 p.m. PDT",105
SCL,"10/4/2024 5 p.m. PDT",235
SCL,"10/4/2024 6 p.m. PDT",247
SCL,"10/4/2024 7 p.m. PDT",284
SCL,"10/4/2024 8 p.m. PDT",725
SCL,"10/4/2024 9 p.m. PDT",797
SCL,"10/4/2024 10 p.m. PDT",806
SCL,"10/4/2024 11 p.m. PDT",834
SCL,"10/5/2024 12 a.m. PDT",797
SCL,"10/5/2024 1 a.m. PDT",805
SCL,"10/5/2024 2 a.m. PDT",803
SCL,"10/5/2024 3 a.m. PDT",796
SCL,"10/5/2024 4 a.m. PDT",789
SCL,"10/5/2024 5 a.m. PDT",771
SCL,"10/5/2024 6 a.m. PDT",655
SCL,"10/5/2024 7 a.m. PDT",167
SCL,"10/5/2024 8 a.m. PDT",209
SCL,"10/5/2024 9 a.m. PDT",174
SCL,"10/5/2024 10 a.m. PDT",109
SCL,"10/5/2024 11 a.m. PDT",101
SCL,"10/5/2024 12 p.m. PDT",95
SCL,"10/5/2024 1 p.m. PDT",95
SCL,"10/5/2024 2 p.m. PDT",93
SCL,"10/5/2024 3 p.m. PDT",116
SCL,"10/5/2024 4 p.m. PDT",190
SCL,"10/5/2024 5 p.m. PDT",237
SCL,"10/5/2024 6 p.m. PDT",262
SCL,"10/5/2024 7 p.m. PDT",272
SCL,"10/5/2024 8 p.m. PDT",801
SCL,"10/5/2024 9 p.m. PDT",848
SCL,"10/5/2024 10 p.m. PDT",825
SCL,"10/5/2024 11 p.m. PDT",811
SCL,"10/6/2024 12 a.m. PDT",791
SCL,"10/6/2024 1 a.m. PDT",642
SCL,"10/6/2024 2 a.m. PDT",548
SCL,"10/6/2024 3 a.m. PDT",546
SCL,"10/6/2024 4 a.m. PDT",542
SCL,"10/6/2024 5 a.m. PDT",494
SCL,"10/6/2024 6 a.m. PDT",527
SCL,"10/6/2024 7 a.m. PDT",659
SCL,"10/6/2024 8 a.m. PDT",723
SCL,"10/6/2024 9 a.m. PDT",748
SCL,"10/6/2024 10 a.m. PDT",568
SCL,"10/6/2024 11 a.m. PDT",510
SCL,"10/6/2024 12 p.m. PDT",591
SCL,"10/6/2024 1 p.m. PDT",599
SCL,"10/6/2024 2 p.m. PDT",587
SCL,"10/6/2024 3 p.m. PDT",600
SCL,"10/6/2024 4 p.m. PDT",836
SCL,"10/6/2024 5 p.m. PDT",945
SCL,"10/6/2024 6 p.m. PDT",973
SCL,"10/6/2024 7 p.m. PDT",961
SCL,"10/6/2024 8 p.m. PDT",936
SCL,"10/6/2024 9 p.m. PDT",894
SCL,"10/6/2024 10 p.m. PDT",616
SCL,"10/6/2024 11 p.m. PDT",431
SCL,"10/7/2024 12 a.m. PDT",403
SCL,"10/7/2024 1 a.m. PDT",565
SCL,"10/7/2024 2 a.m. PDT",463
SCL,"10/7/2024 3 a.m. PDT",464
SCL,"10/7/2024 4 a.m. PDT",445
SCL,"10/7/2024 5 a.m. PDT",444
SCL,"10/7/2024 6 a.m. PDT",445
SCL,"10/7/2024 7 a.m. PDT",223
SCL,"10/7/2024 8 a.m. PDT",293
SCL,"10/7/2024 9 a.m. PDT",285
SCL,"10/7/2024 10 a.m. PDT",139
SCL,"10/7/2024 11 a.m. PDT",114
SCL,"10/7/2024 12 p.m. PDT",114
SCL,"10/7/2024 1 p.m. PDT",100
SCL,"10/7/2024 2 p.m. PDT",110
SCL,"10/7/2024 3 p.m. PDT",136
SCL,"10/7/2024 4 p.m. PDT",167
SCL,"10/7/2024 5 p.m. PDT",193
SCL,"10/7/2024 6 p.m. PDT",246
SCL,"10/7/2024 7 p.m. PDT",245
SCL,"10/7/2024 8 p.m. PDT",770
SCL,"10/7/2024 9 p.m. PDT",775
SCL,"10/7/2024 10 p.m. PDT",614
SCL,"10/7/2024 11 p.m. PDT",661
SCL,"10/8/2024 12 a.m. PDT",660
SCL,"10/8/2024 1 a.m. PDT",633
SCL,"10/8/2024 2 a.m. PDT",647
SCL,"10/8/2024 3 a.m. PDT",622
SCL,"10/8/2024 4 a.m. PDT",623
SCL,"10/8/2024 5 a.m. PDT",609
SCL,"10/8/2024 6 a.m. PDT",666
SCL,"10/8/2024 7 a.m. PDT",210
SCL,"10/8/2024 8 a.m. PDT",236
SCL,"10/8/2024 9 a.m. PDT",221
SCL,"10/8/2024 10 a.m. PDT",115
SCL,"10/8/2024 11 a.m. PDT",107
SCL,"10/8/2024 12 p.m. PDT",100
SCL,"10/8/2024 1 p.m. PDT",98
SCL,"10/8/2024 2 p.m. PDT",94
SCL,"10/8/2024 3 p.m. PDT",96
SCL,"10/8/2024 4 p.m. PDT",95
SCL,"10/8/2024 5 p.m. PDT",189
SCL,"10/8/2024 6 p.m. PDT",217
SCL,"10/8/2024 7 p.m. PDT",243
SCL,"10/8/2024 8 p.m. PDT",534
SCL,"10/8/2024 9 p.m. PDT",693
SCL,"10/8/2024 10 p.m. PDT",692
SCL,"10/8/2024 11 p.m. PDT",687
SCL,"10/9/2024 12 a.m. PDT",679
SCL,"10/9/2024 1 a.m. PDT",752
SCL,"10/9/2024 2 a.m. PDT",718
SCL,"10/9/2024 3 a.m. PDT",722
SCL,"10/9/2024 4 a.m. PDT",614
SCL,"10/9/2024 5 a.m. PDT",625
SCL,"10/9/2024 6 a.m. PDT",594
SCL,"10/9/2024 7 a.m. PDT",277
SCL,"10/9/2024 8 a.m. PDT",246
SCL,"10/9/2024 9 a.m. PDT",200
SCL,"10/9/2024 10 a.m. PDT",109
SCL,"10/9/2024 11 a.m. PDT",101
SCL,"10/9/2024 12 p.m. PDT",99
SCL,"10/9/2024 1 p.m. PDT",92
SCL,"10/9/2024 2 p.m. PDT",98
SCL,"10/9/2024 3 p.m. PDT",98
SCL,"10/9/2024 4 p.m. PDT",96
SCL,"10/9/2024 5 p.m. PDT",129
SCL,"10/9/2024 6 p.m. PDT",174
SCL,"10/9/2024 7 p.m. PDT",282
SCL,"10/9/2024 8 p.m. PDT",775
SCL,"10/9/2024 9 p.m. PDT",808
SCL,"10/9/2024 10 p.m. PDT",778
SCL,"10/9/2024 11 p.m. PDT",658
SCL,"10/10/2024 12 a.m. PDT",651
SCL,"10/10/2024 1 a.m. PDT",765
SCL,"10/10/2024 2 a.m. PDT",625
SCL,"10/10/2024 3 a.m. PDT",614
SCL,"10/10/2024 4 a.m. PDT",603
SCL,"10/10/2024 5 a.m. PDT",616
SCL,"10/10/2024 6 a.m. PDT",623
SCL,"10/10/2024 7 a.m. PDT",507
SCL,"10/10/2024 8 a.m. PDT",640
SCL,"10/10/2024 9 a.m. PDT",633
SCL,"10/10/2024 10 a.m. PDT",557
SCL,"10/10/2024 11 a.m. PDT",163
SCL,"10/10/2024 12 p.m. PDT",112
SCL,"10/10/2024 1 p.m. PDT",108
SCL,"10/10/2024 2 p.m. PDT",104
SCL,"10/10/2024 3 p.m. PDT",101
SCL,"10/10/2024 4 p.m. PDT",143
SCL,"10/10/2024 5 p.m. PDT",153
SCL,"10/10/2024 6 p.m. PDT",258
SCL,"10/10/2024 7 p.m. PDT",297
SCL,"10/10/2024 8 p.m. PDT",1008
SCL,"10/10/2024 9 p.m. PDT",1039
SCL,"10/10/2024 10 p.m. PDT",931
SCL,"10/10/2024 11 p.m. PDT",968
SCL,"10/11/2024 12 a.m. PDT",902
SCL,"10/11/2024 1 a.m. PDT",801
SCL,"10/11/2024 2 a.m. PDT",700
SCL,"10/11/2024 3 a.m. PDT",645
SCL,"10/11/2024 4 a.m. PDT",633
SCL,"10/11/2024 5 a.m. PDT",663
SCL,"10/11/2024 6 a.m. PDT",601
SCL,"10/11/2024 7 a.m. PDT",135
SCL,"10/11/2024 8 a.m. PDT",171
SCL,"10/11/2024 9 a.m. PDT",214
SCL,"10/11/2024 10 a.m. PDT",131
SCL,"10/11/2024 11 a.m. PDT",124
SCL,"10/11/2024 12 p.m. PDT",121
SCL,"10/11/2024 1 p.m. PDT",111
SCL,"10/11/2024 2 p.m. PDT",104
SCL,"10/11/2024 3 p.m. PDT",106
SCL,"10/11/2024 4 p.m. PDT",151
SCL,"10/11/2024 5 p.m. PDT",223
SCL,"10/11/2024 6 p.m. PDT",272
SCL,"10/11/2024 7 p.m. PDT",292
SCL,"10/11/2024 8 p.m. PDT",954
SCL,"10/11/2024 9 p.m. PDT",982
SCL,"10/11/2024 10 p.m. PDT",780
SCL,"10/11/2024 11 p.m. PDT",869
SCL,"10/12/2024 12 a.m. PDT",804
SCL,"10/12/2024 1 a.m. PDT",648
SCL,"10/12/2024 2 a.m. PDT",653
SCL,"10/12/2024 3 a.m. PDT",549
SCL,"10/12/2024 4 a.m. PDT",650
SCL,"10/12/2024 5 a.m. PDT",753
SCL,"10/12/2024 6 a.m. PDT",734
SCL,"10/12/2024 7 a.m. PDT",205
SCL,"10/12/2024 8 a.m. PDT",241
SCL,"10/12/2024 9 a.m. PDT",207
SCL,"10/12/2024 10 a.m. PDT",137
SCL,"10/12/2024 11 a.m. PDT",132
SCL,"10/12/2024 12 p.m. PDT",122
SCL,"10/12/2024 1 p.m. PDT",117
SCL,"10/12/2024 2 p.m. PDT",107
SCL,"10/12/2024 3 p.m. PDT",108
SCL,"10/12/2024 4 p.m. PDT",152
SCL,"10/12/2024 5 p.m. PDT",356
SCL,"10/12/2024 6 p.m. PDT",481
SCL,"10/12/2024 7 p.m. PDT",978
SCL,"10/12/2024 8 p.m. PDT",979
SCL,"10/12/2024 9 p.m. PDT",933
SCL,"10/12/2024 10 p.m. PDT",836
SCL,"10/12/2024 11 p.m. PDT",815
SCL,"10/13/2024 12 a.m. PDT",804
SCL,"10/13/2024 1 a.m. PDT",554
SCL,"10/13/2024 2 a.m. PDT",526
SCL,"10/13/2024 3 a.m. PDT",505
SCL,"10/13/2024 4 a.m. PDT",495
SCL,"10/13/2024 5 a.m. PDT",466
SCL,"10/13/2024 6 a.m. PDT",477
SCL,"10/13/2024 7 a.m. PDT",572
SCL,"10/13/2024 8 a.m. PDT",675
SCL,"10/13/2024 9 a.m. PDT",751
SCL,"10/13/2024 10 a.m. PDT",772
SCL,"10/13/2024 11 a.m. PDT",568
SCL,"10/13/2024 12 p.m. PDT",562
SCL,"10/13/2024 1 p.m. PDT",568
SCL,"10/13/2024 2 p.m. PDT",568
SCL,"10/13/2024 3 p.m. PDT",567
SCL,"10/13/2024 4 p.m. PDT",800
SCL,"10/13/2024 5 p.m. PDT",910
SCL,"10/13/2024 6 p.m. PDT",987
SCL,"10/13/2024 7 p.m. PDT",971
SCL,"10/13/2024 8 p.m. PDT",944
SCL,"10/13/2024 9 p.m. PDT",957
SCL,"10/13/2024 10 p.m. PDT",867
SCL,"10/13/2024 11 p.m. PDT",731
SCL,"10/14/2024 12 a.m. PDT",678
SCL,"10/14/2024 1 a.m. PDT",527
SCL,"10/14/2024 2 a.m. PDT",470
SCL,"10/14/2024 3 a.m. PDT",471
SCL,"10/14/2024 4 a.m. PDT",471
SCL,"10/14/2024 5 a.m. PDT",473
SCL,"10/14/2024 6 a.m. PDT",534
SCL,"10/14/2024 7 a.m. PDT",268
SCL,"10/14/2024 8 a.m. PDT",242
SCL,"10/14/2024 9 a.m. PDT",171
SCL,"10/14/2024 10 a.m. PDT",114
SCL,"10/14/2024 11 a.m. PDT",101
SCL,"10/14/2024 12 p.m. PDT",96
SCL,"10/14/2024 1 p.m. PDT",91
SCL,"10/14/2024 2 p.m. PDT",92
SCL,"10/14/2024 3 p.m. PDT",88
SCL,"10/14/2024 4 p.m. PDT",121
SCL,"10/14/2024 5 p.m. PDT",245
SCL,"10/14/2024 6 p.m. PDT",277
SCL,"10/14/2024 7 p.m. PDT",383
SCL,"10/14/2024 8 p.m. PDT",1023
SCL,"10/14/2024 9 p.m. PDT",977
SCL,"10/14/2024 10 p.m. PDT",912
SCL,"10/14/2024 11 p.m. PDT",987
SCL,"10/15/2024 12 a.m. PDT",941
SCL,"10/15/2024 1 a.m. PDT",796
SCL,"10/15/2024 2 a.m. PDT",774
SCL,"10/15/2024 3 a.m. PDT",770
SCL,"10/15/2024 4 a.m. PDT",761
SCL,"10/15/2024 5 a.m. PDT",762
SCL,"10/15/2024 6 a.m. PDT",796
SCL,"10/15/2024 7 a.m. PDT",270
SCL,"10/15/2024 8 a.m. PDT",246
SCL,"10/15/2024 9 a.m. PDT",240
SCL,"10/15/2024 10 a.m. PDT",109
SCL,"10/15/2024 11 a.m. PDT",105
SCL,"10/15/2024 12 p.m. PDT",101
SCL,"10/15/2024 1 p.m. PDT",89
SCL,"10/15/2024 2 p.m. PDT",90
SCL,"10/15/2024 3 p.m. PDT",87
SCL,"10/15/2024 4 p.m. PDT",86
SCL,"10/15/2024 5 p.m. PDT",88
SCL,"10/15/2024 6 p.m. PDT",267
SCL,"10/15/2024 7 p.m. PDT",301
SCL,"10/15/2024 8 p.m. PDT",884
SCL,"10/15/2024 9 p.m. PDT",933
SCL,"10/15/2024 10 p.m. PDT",799
SCL,"10/15/2024 11 p.m. PDT",785
SCL,"10/16/2024 12 a.m. PDT",784
SCL,"10/16/2024 1 a.m. PDT",787
SCL,"10/16/2024 2 a.m. PDT",780
SCL,"10/16/2024 3 a.m. PDT",775
SCL,"10/16/2024 4 a.m. PDT",769
SCL,"10/16/2024 5 a.m. PDT",770
SCL,"10/16/2024 6 a.m. PDT",732
SCL,"10/16/2024 7 a.m. PDT",256
SCL,"10/16/2024 8 a.m. PDT",256
SCL,"10/16/2024 9 a.m. PDT",250
SCL,"10/16/2024 10 a.m. PDT",108
SCL,"10/16/2024 11 a.m. PDT",101
SCL,"10/16/2024 12 p.m. PDT",93
SCL,"10/16/2024 1 p.m. PDT",85
SCL,"10/16/2024 2 p.m. PDT",89
SCL,"10/16/2024 3 p.m. PDT",84
SCL,"10/16/2024 4 p.m. PDT",91
SCL,"10/16/2024 5 p.m. PDT",120
SCL,"10/16/2024 6 p.m. PDT",194
SCL,"10/16/2024 7 p.m. PDT",305
SCL,"10/16/2024 8 p.m. PDT",887
SCL,"10/16/2024 9 p.m. PDT",831
SCL,"10/16/2024 10 p.m. PDT",823
SCL,"10/16/2024 11 p.m. PDT",879
SCL,"10/17/2024 12 a.m. PDT",838
SCL,"10/17/2024 1 a.m. PDT",801
SCL,"10/17/2024 2 a.m. PDT",763
SCL,"10/17/2024 3 a.m. PDT",710
SCL,"10/17/2024 4 a.m. PDT",688
SCL,"10/17/2024 5 a.m. PDT",661
SCL,"10/17/2024 6 a.m. PDT",699
SCL,"10/17/2024 7 a.m. PDT",266
SCL,"10/17/2024 8 a.m. PDT",269
SCL,"10/17/2024 9 a.m. PDT",254
SCL,"10/17/2024 10 a.m. PDT",106
SCL,"10/17/2024 11 a.m. PDT",98
SCL,"10/17/2024 12 p.m. PDT",93
SCL,"10/17/2024 1 p.m. PDT",85
SCL,"10/17/2024 2 p.m. PDT",84
SCL,"10/17/2024 3 p.m. PDT",86
SCL,"10/17/2024 4 p.m. PDT",83
SCL,"10/17/2024 5 p.m. PDT",238
SCL,"10/17/2024 6 p.m. PDT",376
SCL,"10/17/2024 7 p.m. PDT",621
SCL,"10/17/2024 8 p.m. PDT",898
SCL,"10/17/2024 9 p.m. PDT",922
SCL,"10/17/2024 10 p.m. PDT",888
SCL,"10/17/2024 11 p.m. PDT",891
SCL,"10/18/2024 12 a.m. PDT",847
SCL,"10/18/2024 1 a.m. PDT",761
SCL,"10/18/2024 2 a.m. PDT",681
SCL,"10/18/2024 3 a.m. PDT",633
SCL,"10/18/2024 4 a.m. PDT",674
SCL,"10/18/2024 5 a.m. PDT",728
SCL,"10/18/2024 6 a.m. PDT",729
SCL,"10/18/2024 7 a.m. PDT",218
SCL,"10/18/2024 8 a.m. PDT",232
SCL,"10/18/2024 9 a.m. PDT",157
SCL,"10/18/2024 10 a.m. PDT",119
SCL,"10/18/2024 11 a.m. PDT",117
SCL,"10/18/2024 12 p.m. PDT",125
SCL,"10/18/2024 1 p.m. PDT",223
SCL,"10/18/2024 2 p.m. PDT",100
SCL,"10/18/2024 3 p.m. PDT",100
SCL,"10/18/2024 4 p.m. PDT",96
SCL,"10/18/2024 5 p.m. PDT",123
SCL,"10/18/2024 6 p.m. PDT",368
SCL,"10/18/2024 7 p.m. PDT",555
SCL,"10/18/2024 8 p.m. PDT",876
SCL,"10/18/2024 9 p.m. PDT",806
SCL,"10/18/2024 10 p.m. PDT",795
SCL,"10/18/2024 11 p.m. PDT",894
SCL,"10/19/2024 12 a.m. PDT",828
SCL,"10/19/2024 1 a.m. PDT",795
SCL,"10/19/2024 2 a.m. PDT",703
SCL,"10/19/2024 3 a.m. PDT",747
SCL,"10/19/2024 4 a.m. PDT",764
SCL,"10/19/2024 5 a.m. PDT",790
SCL,"10/19/2024 6 a.m. PDT",757
SCL,"10/19/2024 7 a.m. PDT",156
SCL,"10/19/2024 8 a.m. PDT",155
SCL,"10/19/2024 9 a.m. PDT",131
SCL,"10/19/2024 10 a.m. PDT",126
SCL,"10/19/2024 11 a.m. PDT",128
SCL,"10/19/2024 12 p.m. PDT",135
SCL,"10/19/2024 1 p.m. PDT",131
SCL,"10/19/2024 2 p.m. PDT",134
SCL,"10/19/2024 3 p.m. PDT",133
SCL,"10/19/2024 4 p.m. PDT",135
SCL,"10/19/2024 5 p.m. PDT",544
SCL,"10/19/2024 6 p.m. PDT",669
SCL,"10/19/2024 7 p.m. PDT",673
SCL,"10/19/2024 8 p.m. PDT",786
SCL,"10/19/2024 9 p.m. PDT",779
SCL,"10/19/2024 10 p.m. PDT",770
SCL,"10/19/2024 11 p.m. PDT",829
SCL,"10/20/2024 12 a.m. PDT",819
SCL,"10/20/2024 1 a.m. PDT",774
SCL,"10/20/2024 2 a.m. PDT",639
SCL,"10/20/2024 3 a.m. PDT",610
SCL,"10/20/2024 4 a.m. PDT",612
SCL,"10/20/2024 5 a.m. PDT",588
SCL,"10/20/2024 6 a.m. PDT",649
SCL,"10/20/2024 7 a.m. PDT",696
SCL,"10/20/2024 8 a.m. PDT",705
SCL,"10/20/2024 9 a.m. PDT",786
SCL,"10/20/2024 10 a.m. PDT",730
SCL,"10/20/2024 11 a.m. PDT",781
SCL,"10/20/2024 12 p.m. PDT",725
SCL,"10/20/2024 1 p.m. PDT",718
SCL,"10/20/2024 2 p.m. PDT",646
SCL,"10/20/2024 3 p.m. PDT",611
SCL,"10/20/2024 4 p.m. PDT",678
SCL,"10/20/2024 5 p.m. PDT",733
SCL,"10/20/2024 6 p.m. PDT",819
SCL,"10/20/2024 7 p.m. PDT",816
SCL,"10/20/2024 8 p.m. PDT",828
SCL,"10/20/2024 9 p.m. PDT",831
SCL,"10/20/2024 10 p.m. PDT",825
SCL,"10/20/2024 11 p.m. PDT",737
SCL,"10/21/2024 12 a.m. PDT",696
SCL,"10/21/2024 1 a.m. PDT",570
SCL,"10/21/2024 2 a.m. PDT",567
SCL,"10/21/2024 3 a.m. PDT",559
SCL,"10/21/2024 4 a.m. PDT",544
SCL,"10/21/2024 5 a.m. PDT",553
SCL,"10/21/2024 6 a.m. PDT",550
SCL,"10/21/2024 7 a.m. PDT",397
SCL,"10/21/2024 8 a.m. PDT",376
SCL,"10/21/2024 9 a.m. PDT",375
SCL,"10/21/2024 10 a.m. PDT",375
SCL,"10/21/2024 11 a.m. PDT",237
SCL,"10/21/2024 12 p.m. PDT",230
SCL,"10/21/2024 1 p.m. PDT",229
SCL,"10/21/2024 2 p.m. PDT",270
SCL,"10/21/2024 3 p.m. PDT",274
SCL,"10/21/2024 4 p.m. PDT",259
SCL,"10/21/2024 5 p.m. PDT",257
SCL,"10/21/2024 6 p.m. PDT",453
SCL,"10/21/2024 7 p.m. PDT",442
SCL,"10/21/2024 8 p.m. PDT",816
SCL,"10/21/2024 9 p.m. PDT",729
SCL,"10/21/2024 10 p.m. PDT",717
SCL,"10/21/2024 11 p.m. PDT",753
SCL,"10/22/2024 12 a.m. PDT",726
SCL,"10/22/2024 1 a.m. PDT",627
SCL,"10/22/2024 2 a.m. PDT",634
SCL,"10/22/2024 3 a.m. PDT",596
SCL,"10/22/2024 4 a.m. PDT",609
SCL,"10/22/2024 5 a.m. PDT",622
SCL,"10/22/2024 6 a.m. PDT",675
SCL,"10/22/2024 7 a.m. PDT",789
SCL,"10/22/2024 8 a.m. PDT",812
SCL,"10/22/2024 9 a.m. PDT",583
SCL,"10/22/2024 10 a.m. PDT",393
SCL,"10/22/2024 11 a.m. PDT",380
SCL,"10/22/2024 12 p.m. PDT",374
SCL,"10/22/2024 1 p.m. PDT",391
SCL,"10/22/2024 2 p.m. PDT",384
SCL,"10/22/2024 3 p.m. PDT",366
SCL,"10/22/2024 4 p.m. PDT",388
SCL,"10/22/2024 5 p.m. PDT",597
SCL,"10/22/2024 6 p.m. PDT",872
SCL,"10/22/2024 7 p.m. PDT",920
SCL,"10/22/2024 8 p.m. PDT",908
SCL,"10/22/2024 9 p.m. PDT",880
SCL,"10/22/2024 10 p.m. PDT",805
SCL,"10/22/2024 11 p.m. PDT",781
SCL,"10/23/2024 12 a.m. PDT",755
SCL,"10/23/2024 1 a.m. PDT",637
SCL,"10/23/2024 2 a.m. PDT",565
SCL,"10/23/2024 3 a.m. PDT",541
SCL,"10/23/2024 4 a.m. PDT",265
SCL,"10/23/2024 5 a.m. PDT",259
SCL,"10/23/2024 6 a.m. PDT",650
SCL,"10/23/2024 7 a.m. PDT",279
SCL,"10/23/2024 8 a.m. PDT",220
SCL,"10/23/2024 9 a.m. PDT",198
SCL,"10/23/2024 10 a.m. PDT",144
SCL,"10/23/2024 11 a.m. PDT",108
SCL,"10/23/2024 12 p.m. PDT",100
SCL,"10/23/2024 1 p.m. PDT",101
SCL,"10/23/2024 2 p.m. PDT",95
SCL,"10/23/2024 3 p.m. PDT",87
SCL,"10/23/2024 4 p.m. PDT",94
SCL,"10/23/2024 5 p.m. PDT",494
SCL,"10/23/2024 6 p.m. PDT",859
SCL,"10/23/2024 7 p.m. PDT",903
SCL,"10/23/2024 8 p.m. PDT",936
SCL,"10/23/2024 9 p.m. PDT",959
SCL,"10/23/2024 10 p.m. PDT",915
SCL,"10/23/2024 11 p.m. PDT",785
SCL,"10/24/2024 12 a.m. PDT",644
SCL,"10/24/2024 1 a.m. PDT",535
SCL,"10/24/2024 2 a.m. PDT",536
SCL,"10/24/2024 3 a.m. PDT",539
SCL,"10/24/2024 4 a.m. PDT",548
SCL,"10/24/2024 5 a.m. PDT",650
SCL,"10/24/2024 6 a.m. PDT",724
SCL,"10/24/2024 7 a.m. PDT",175
SCL,"10/24/2024 8 a.m. PDT",195
SCL,"10/24/2024 9 a.m. PDT",192
SCL,"10/24/2024 10 a.m. PDT",135
SCL,"10/24/2024 11 a.m. PDT",113
SCL,"10/24/2024 12 p.m. PDT",113
SCL,"10/24/2024 1 p.m. PDT",97
SCL,"10/24/2024 2 p.m. PDT",88
SCL,"10/24/2024 3 p.m. PDT",83
SCL,"10/24/2024 4 p.m. PDT",128
SCL,"10/24/2024 5 p.m. PDT",329
SCL,"10/24/2024 6 p.m. PDT",639
SCL,"10/24/2024 7 p.m. PDT",869
SCL,"10/24/2024 8 p.m. PDT",914
SCL,"10/24/2024 9 p.m. PDT",837
SCL,"10/24/2024 10 p.m. PDT",833
SCL,"10/24/2024 11 p.m. PDT",890
SCL,"10/25/2024 12 a.m. PDT",763
SCL,"10/25/2024 1 a.m. PDT",597
SCL,"10/25/2024 2 a.m. PDT",575
SCL,"10/25/2024 3 a.m. PDT",577
SCL,"10/25/2024 4 a.m. PDT",522
SCL,"10/25/2024 5 a.m. PDT",532
SCL,"10/25/2024 6 a.m. PDT",806
SCL,"10/25/2024 7 a.m. PDT",815
SCL,"10/25/2024 8 a.m. PDT",845
SCL,"10/25/2024 9 a.m. PDT",838
SCL,"10/25/2024 10 a.m. PDT",813
SCL,"10/25/2024 11 a.m. PDT",787
SCL,"10/25/2024 12 p.m. PDT",513
SCL,"10/25/2024 1 p.m. PDT",396
SCL,"10/25/2024 2 p.m. PDT",394
SCL,"10/25/2024 3 p.m. PDT",395
SCL,"10/25/2024 4 p.m. PDT",580
SCL,"10/25/2024 5 p.m. PDT",652
SCL,"10/25/2024 6 p.m. PDT",817
SCL,"10/25/2024 7 p.m. PDT",806
SCL,"10/25/2024 8 p.m. PDT",733
SCL,"10/25/2024 9 p.m. PDT",729
SCL,"10/25/2024 10 p.m. PDT",702
SCL,"10/25/2024 11 p.m. PDT",734
SCL,"10/26/2024 12 a.m. PDT",704
SCL,"10/26/2024 1 a.m. PDT",562
SCL,"10/26/2024 2 a.m. PDT",561
SCL,"10/26/2024 3 a.m. PDT",562
SCL,"10/26/2024 4 a.m. PDT",562
SCL,"10/26/2024 5 a.m. PDT",562
SCL,"10/26/2024 6 a.m. PDT",557
SCL,"10/26/2024 7 a.m. PDT",461
SCL,"10/26/2024 8 a.m. PDT",470
SCL,"10/26/2024 9 a.m. PDT",489
SCL,"10/26/2024 10 a.m. PDT",408
SCL,"10/26/2024 11 a.m. PDT",387
SCL,"10/26/2024 12 p.m. PDT",389
SCL,"10/26/2024 1 p.m. PDT",376
SCL,"10/26/2024 2 p.m. PDT",379
SCL,"10/26/2024 3 p.m. PDT",376
SCL,"10/26/2024 4 p.m. PDT",384
SCL,"10/26/2024 5 p.m. PDT",640
SCL,"10/26/2024 6 p.m. PDT",755
SCL,"10/26/2024 7 p.m. PDT",783
SCL,"10/26/2024 8 p.m. PDT",795
SCL,"10/26/2024 9 p.m. PDT",670
SCL,"10/26/2024 10 p.m. PDT",634
SCL,"10/26/2024 11 p.m. PDT",632
SCL,"10/27/2024 12 a.m. PDT",526
SCL,"10/27/2024 1 a.m. PDT",539
SCL,"10/27/2024 2 a.m. PDT",545
SCL,"10/27/2024 3 a.m. PDT",559
SCL,"10/27/2024 4 a.m. PDT",578
SCL,"10/27/2024 5 a.m. PDT",573
SCL,"10/27/2024 6 a.m. PDT",573
SCL,"10/27/2024 7 a.m. PDT",454
SCL,"10/27/2024 8 a.m. PDT",437
SCL,"10/27/2024 9 a.m. PDT",445
SCL,"10/27/2024 10 a.m. PDT",443
SCL,"10/27/2024 11 a.m. PDT",442
SCL,"10/27/2024 12 p.m. PDT",442
SCL,"10/27/2024 1 p.m. PDT",447
SCL,"10/27/2024 2 p.m. PDT",443
SCL,"10/27/2024 3 p.m. PDT",450
SCL,"10/27/2024 4 p.m. PDT",445
SCL,"10/27/2024 5 p.m. PDT",624
SCL,"10/27/2024 6 p.m. PDT",707
SCL,"10/27/2024 7 p.m. PDT",689
SCL,"10/27/2024 8 p.m. PDT",686
SCL,"10/27/2024 9 p.m. PDT",688
SCL,"10/27/2024 10 p.m. PDT",653
SCL,"10/27/2024 11 p.m. PDT",550
SCL,"10/28/2024 12 a.m. PDT",548
SCL,"10/28/2024 1 a.m. PDT",413
SCL,"10/28/2024 2 a.m. PDT",410
SCL,"10/28/2024 3 a.m. PDT",408
SCL,"10/28/2024 4 a.m. PDT",409
SCL,"10/28/2024 5 a.m. PDT",415
SCL,"10/28/2024 6 a.m. PDT",550
SCL,"10/28/2024 7 a.m. PDT",592
SCL,"10/28/2024 8 a.m. PDT",667
SCL,"10/28/2024 9 a.m. PDT",527
SCL,"10/28/2024 10 a.m. PDT",526
SCL,"10/28/2024 11 a.m. PDT",380
SCL,"10/28/2024 12 p.m. PDT",374
SCL,"10/28/2024 1 p.m. PDT",380
SCL,"10/28/2024 2 p.m. PDT",379
SCL,"10/28/2024 3 p.m. PDT",378
SCL,"10/28/2024 4 p.m. PDT",394
SCL,"10/28/2024 5 p.m. PDT",436
SCL,"10/28/2024 6 p.m. PDT",625
SCL,"10/28/2024 7 p.m. PDT",629
SCL,"10/28/2024 8 p.m. PDT",625
SCL,"10/28/2024 9 p.m. PDT",580
SCL,"10/28/2024 10 p.m. PDT",541
SCL,"10/28/2024 11 p.m. PDT",572
SCL,"10/29/2024 12 a.m. PDT",527
SCL,"10/29/2024 1 a.m. PDT",533
SCL,"10/29/2024 2 a.m. PDT",534
SCL,"10/29/2024 3 a.m. PDT",477
SCL,"10/29/2024 4 a.m. PDT",483
SCL,"10/29/2024 5 a.m. PDT",529
SCL,"10/29/2024 6 a.m. PDT",481
SCL,"10/29/2024 7 a.m. PDT",396
SCL,"10/29/2024 8 a.m. PDT",514
SCL,"10/29/2024 9 a.m. PDT",481
SCL,"10/29/2024 10 a.m. PDT",580
SCL,"10/29/2024 11 a.m. PDT",498
SCL,"10/29/2024 12 p.m. PDT",478
SCL,"10/29/2024 1 p.m. PDT",474
SCL,"10/29/2024 2 p.m. PDT",471
SCL,"10/29/2024 3 p.m. PDT",475
SCL,"10/29/2024 4 p.m. PDT",504
SCL,"10/29/2024 5 p.m. PDT",609
SCL,"10/29/2024 6 p.m. PDT",616
SCL,"10/29/2024 7 p.m. PDT",675
SCL,"10/29/2024 8 p.m. PDT",733
SCL,"10/29/2024 9 p.m. PDT",712
SCL,"10/29/2024 10 p.m. PDT",696
SCL,"10/29/2024 11 p.m. PDT",689
SCL,"10/30/2024 12 a.m. PDT",634
SCL,"10/30/2024 1 a.m. PDT",573
SCL,"10/30/2024 2 a.m. PDT",565
SCL,"10/30/2024 3 a.m. PDT",568
SCL,"10/30/2024 4 a.m. PDT",574
SCL,"10/30/2024 5 a.m. PDT",574
SCL,"10/30/2024 6 a.m. PDT",697
SCL,"10/30/2024 7 a.m. PDT",602
SCL,"10/30/2024 8 a.m. PDT",650
SCL,"10/30/2024 9 a.m. PDT",533
SCL,"10/30/2024 10 a.m. PDT",387
SCL,"10/30/2024 11 a.m. PDT",388
SCL,"10/30/2024 12 p.m. PDT",390
SCL,"10/30/2024 1 p.m. PDT",391
SCL,"10/30/2024 2 p.m. PDT",389
SCL,"10/30/2024 3 p.m. PDT",386
SCL,"10/30/2024 4 p.m. PDT",507
SCL,"10/30/2024 5 p.m. PDT",657
SCL,"10/30/2024 6 p.m. PDT",723
SCL,"10/30/2024 7 p.m. PDT",796
SCL,"10/30/2024 8 p.m. PDT",788
SCL,"10/30/2024 9 p.m. PDT",738
SCL,"10/30/2024 10 p.m. PDT",608
SCL,"10/30/2024 11 p.m. PDT",721
SCL,"10/31/2024 12 a.m. PDT",636
SCL,"10/31/2024 1 a.m. PDT",565
SCL,"10/31/2024 2 a.m. PDT",565
SCL,"10/31/2024 3 a.m. PDT",562
SCL,"10/31/2024 4 a.m. PDT",481
SCL,"10/31/2024 5 a.m. PDT",487
SCL,"10/31/2024 6 a.m. PDT",602
SCL,"10/31/2024 7 a.m. PDT",687
SCL,"10/31/2024 8 a.m. PDT",763
SCL,"10/31/2024 9 a.m. PDT",798
SCL,"10/31/2024 10 a.m. PDT",701
SCL,"10/31/2024 11 a.m. PDT",470
SCL,"10/31/2024 12 p.m. PDT",436
SCL,"10/31/2024 1 p.m. PDT",443
SCL,"10/31/2024 2 p.m. PDT",472
SCL,"10/31/2024 3 p.m. PDT",407
SCL,"10/31/2024 4 p.m. PDT",424
SCL,"10/31/2024 5 p.m. PDT",584
SCL,"10/31/2024 6 p.m. PDT",799
SCL,"10/31/2024 7 p.m. PDT",792
SCL,"10/31/2024 8 p.m. PDT",774
SCL,"10/31/2024 9 p.m. PDT",711
SCL,"10/31/2024 10 p.m. PDT",738
SCL,"10/31/2024 11 p.m. PDT",777